raw_make,canonical_make
ACURA,ACURA
ALFA ROMEO,ALFA ROMEO
ALFA-ROMEO,ALFA ROMEO
AUDI,AUDI
BMW,BMW
BUICK,BUICK
CADILLAC,CADILLAC
CHEVROLET,CHEVROLET
CHEVY,CHEVROLET
CHRYSLER,CHRYSLER
DODGE,DODGE
FIAT,FIAT
FORD,FORD
GENESIS,GENESIS
GMC,GMC
HONDA,HONDA
HYUNDAI,HYUNDAI
INFINITI,INFINITI
JAGUAR,JAGUAR
JEEP,JEEP
KIA,KIA
LAND ROVER,LAND ROVER
LANDROVER,LAND ROVER
LEXUS,LEXUS
LINCOLN,LINCOLN
MAZDA,MAZDA
MERCEDES-BENZ,MERCEDES-BENZ
MERCEDES BENZ,MERCEDES-BENZ
MERCEDES,MERCEDES-BENZ
MINI,MINI
MITSUBISHI,MITSUBISHI
NISSAN,NISSAN
PORSCHE,PORSCHE
RAM,RAM
SUBARU,SUBARU
TESLA,TESLA
TOYOTA,TOYOTA
VOLKSWAGEN,VOLKSWAGEN
VW,VOLKSWAGEN
VOLVO,VOLVO
